target,rpk,bind_hDPP4,n_bc_bind_hDPP4,n_libs_bind_hDPP4,bind_ApACE2,n_bc_bind_ApACE2,n_libs_bind_ApACE2,expr,n_bc_expr,n_libs_expr,bind_serum,bind_serum_norm,n_bc_bind_serum,n_libs_bind_serum,bind_LCA60,n_bc_bind_LCA60,n_libs_bind_LCA60,bind_S41,n_bc_bind_S41,n_libs_bind_S41,bind_4C2,n_bc_bind_4C2,n_libs_bind_4C2,bind_MERS4,n_bc_bind_MERS4,n_libs_bind_MERS4
AncEri_MAP,FALSE,5.12778,62,1,5.71199,62,1,7.60659,37,2,1.1697,2,98,2,4.79016,55,1,4.92659,51,1,4.97476,51,1,3.99877,86,2
AncEri_MAP,TRUE,5.06992,50,1,5.66917,56,1,7.15826,36,2,1.04908,2,84,2,4.8257,46,1,4.91666,44,1,4.92436,47,1,4.15729,70,2
AncEri_alt,FALSE,5.19055,17,1,5.5954,19,1,8.33775,8,1,1.20776,2,25,2,4.90065,16,1,4.98578,14,1,4.97397,14,1,4.08478,17,2
AncEri_alt,TRUE,5.07865,46,1,5.50758,45,1,7.73594,38,2,1.11311,2,89,2,4.76759,37,1,4.96533,36,1,4.94038,38,1,4.15521,78,2
AncHKU25HKU5_MAP,FALSE,5.07032,95,1,5.50542,98,1,7.71905,63,2,1.92062,2,146,2,4.9187,84,1,4.89846,81,1,4.93751,87,1,4.42911,125,2
AncHKU25HKU5_MAP,TRUE,5.06285,34,1,5.45762,35,1,7.8688,28,2,1.54655,2,62,2,4.82045,29,1,4.93105,28,1,4.93388,28,1,4.39737,51,2
AncHKU25HKU5_alt,FALSE,5.07674,55,1,5.59669,58,1,7.3668,42,2,1.72513,2,103,2,4.85668,48,1,4.89124,46,1,4.88117,47,1,4.13555,91,2
AncHKU25HKU5_alt,TRUE,5.07211,48,1,5.66663,47,1,7.03489,42,2,1.44417,2,99,2,4.77796,39,1,4.91933,35,1,4.90113,35,1,4.25929,77,2
AncHKU25_MAP,FALSE,5.01143,46,1,5.40446,48,1,7.99369,35,2,2.00332,2,68,2,4.9016,38,1,4.9631,39,1,4.90926,39,1,4.5277,64,2
AncHKU25_MAP,TRUE,5.0588,37,1,5.68166,40,1,7.87268,23,2,1.77468,2,71,2,4.85851,33,1,4.92866,31,1,4.9765,35,1,4.12874,61,2
AncHKU25_alt,FALSE,5.06172,81,1,5.59339,78,1,7.46335,79,2,1.32584,2,137,2,4.86555,68,1,4.92194,70,1,4.93015,73,1,4.53749,120,2
AncHKU25_alt,TRUE,5.06098,97,1,5.60734,96,1,7.35565,98,2,1.32026,2,190,2,4.81439,90,1,4.96314,81,1,4.93461,79,1,4.23985,164,2
AncHKU25a_MAP,FALSE,5.08325,51,1,5.44666,52,1,7.53562,37,2,1.01626,2,104,2,4.90331,46,1,4.88781,38,1,4.9004,45,1,4.75472,90,2
AncHKU25a_MAP,TRUE,5.07465,84,1,5.53985,84,1,7.19152,52,2,1.17543,2,148,2,4.91763,76,1,4.94195,74,1,4.91441,72,1,4.34655,130,2
AncHKU25a_alt,FALSE,5.0587,39,1,5.79054,35,1,7.21691,32,2,1.28166,2,87,2,4.87281,36,1,4.93319,35,1,4.8821,39,1,4.79505,74,2
AncHKU25a_alt,TRUE,5.08032,64,1,5.74157,65,1,7.33491,46,2,1.38099,2,136,2,4.90708,60,1,4.92065,56,1,4.92363,58,1,4.57963,125,2
AncHKU25b_MAP,FALSE,5.06577,49,1,6.28431,47,1,7.78324,31,2,1.66319,2,79,2,4.87133,41,1,4.93035,38,1,4.92219,37,1,4.56427,67,2
AncHKU25b_MAP,TRUE,5.03958,94,1,6.44305,91,1,7.58553,65,2,1.52882,2,159,2,4.90736,84,1,4.87575,79,1,4.96609,83,1,4.23218,138,2
AncHKU25b_alt,FALSE,5.03852,71,1,5.45061,77,1,7.62947,74,2,1.22943,2,152,2,4.83889,64,1,4.93722,57,1,4.92786,64,1,4.71568,139,2
AncHKU25b_alt,TRUE,5.03443,44,1,5.59069,39,1,7.57906,41,2,1.04969,2,97,2,4.91218,40,1,4.90568,35,1,4.96027,37,1,4.73643,82,2
AncHKU25c_MAP,FALSE,5.04586,43,1,5.38858,41,1,7.57234,44,2,3.10518,2.63346,74,2,4.89956,40,1,4.97674,37,1,4.96807,37,1,4.80451,73,2
AncHKU25c_MAP,TRUE,5.0557,34,1,5.44995,35,1,7.72695,28,2,2.88349,2.1829,70,2,4.90938,34,1,4.91408,30,1,4.98238,32,1,4.68505,61,2
AncHKU25c_alt,FALSE,5.08614,69,1,5.29591,71,1,7.74951,59,2,2.17155,2,118,2,4.87749,62,1,4.92808,60,1,4.93117,62,1,4.71577,102,2
AncHKU25c_alt,TRUE,5.04692,73,1,5.33404,76,1,7.69908,53,2,2.08237,2,139,2,4.90001,61,1,4.92537,58,1,4.97575,61,1,4.6025,114,2
AncHKU25d_MAP,FALSE,5.04761,61,1,5.30793,67,1,7.75867,49,2,1.89906,2,107,2,4.8346,53,1,4.97529,47,1,4.9398,54,1,4.71401,85,2
AncHKU25d_MAP,TRUE,5.06026,74,1,5.30835,74,1,7.6007,60,2,1.71886,2,130,2,4.90573,62,1,4.90426,51,1,4.91531,63,1,4.74426,109,2
AncHKU25d_alt,FALSE,5.08182,64,1,5.27621,63,1,7.67583,62,2,1.38226,2,132,2,4.93432,56,1,4.94169,50,1,4.95951,55,1,4.86575,113,2
AncHKU25d_alt,TRUE,5.03561,78,1,5.35912,80,1,7.41443,59,2,1.26263,2,131,2,4.90035,71,1,4.89848,70,1,4.93791,64,1,4.75464,109,2
AncHKU25e_MAP,FALSE,5.04615,24,1,5.43648,25,1,6.86585,7,2,1.46647,2.04056,35,2,4.79451,15,1,4.7529,12,1,5,11,1,4.64866,26,2
AncHKU25e_MAP,TRUE,5.0328,40,1,5.36549,43,1,7.52731,36,2,1.31259,2,85,2,4.87977,37,1,4.90769,31,1,4.95934,34,1,4.76237,65,2
AncHKU25e_alt,FALSE,5.05662,76,1,5.40252,77,1,7.49915,58,2,1.26492,2,138,2,4.9441,69,1,4.95042,69,1,4.92394,64,1,4.79807,121,2
AncHKU25e_alt,TRUE,5.03251,44,1,5.42882,44,1,7.72719,27,2,1.16119,2,68,2,4.89091,43,1,4.89665,40,1,4.91561,39,1,4.63356,60,2
AncHKU25f_MAP,FALSE,5.06831,70,1,5.4894,72,1,7.89003,34,2,1.03257,2,131,2,4.88588,59,1,4.92195,56,1,4.92432,59,1,4.84394,115,2
AncHKU25f_MAP,TRUE,5.02812,66,1,5.55049,66,1,8.04102,38,2,0.98276,2,145,2,4.85731,55,1,4.93919,54,1,4.93066,57,1,4.6485,121,2
AncHKU25f_alt,FALSE,5.02743,45,1,5.4722,47,1,7.63132,37,2,0.95574,2,97,2,4.92931,45,1,4.92469,42,1,4.94797,40,1,4.82493,87,2
AncHKU25f_alt,TRUE,5.07605,51,1,5.37135,53,1,7.771,44,2,0.89124,2,118,2,4.93347,49,1,4.89022,47,1,4.95393,47,1,4.72234,107,2
AncHKU25g_MAP,FALSE,5.10369,65,1,5.49002,74,1,7.70554,49,2,1.02744,2,124,2,4.89844,66,1,4.95083,62,1,4.90648,66,1,4.81587,95,2
AncHKU25g_MAP,TRUE,5.07496,85,1,5.45849,86,1,7.62594,57,2,1.00018,2,150,2,4.91351,75,1,4.93035,76,1,4.95896,74,1,4.77632,133,2
AncHKU25g_alt,FALSE,5.01319,22,1,5.85601,21,1,7.11862,36,2,1.00919,2,58,2,4.82434,19,1,4.88499,19,1,4.9511,20,1,4.89576,40,2
AncHKU25g_alt,TRUE,5.05281,53,1,6.13477,57,1,7.60357,64,2,0.91016,2,109,2,4.89999,45,1,4.94459,47,1,4.93623,46,1,4.95564,91,2
AncHKU25h_MAP,FALSE,5.08426,55,1,6.66557,53,1,7.30848,42,2,1.39536,2,123,2,4.8565,55,1,4.95135,47,1,4.9488,54,1,4.80974,105,2
AncHKU25h_MAP,TRUE,5.03934,44,1,7.86102,46,1,7.46746,26,2,1.41074,2,87,2,4.88488,40,1,4.87073,38,1,4.9418,37,1,4.65188,64,2
AncHKU25h_alt,FALSE,5.0324,85,1,6.31607,84,1,7.17524,73,2,1.07825,2,132,2,4.88256,73,1,4.93269,68,1,4.94687,71,1,4.84655,121,2
AncHKU25h_alt,TRUE,5.02919,26,1,6.59582,25,1,7.40175,27,2,1.07248,2,75,2,4.82024,23,1,4.82369,22,1,4.95792,21,1,4.81445,59,2
AncHKU4_MAP,FALSE,6.67013,39,1,5.26712,43,1,7.55876,41,2,1.31342,2,82,2,4.84091,34,1,4.92287,33,1,4.94636,31,1,4.28859,68,2
AncHKU4_MAP,TRUE,6.75581,56,1,5.43706,61,1,7.66679,48,2,1.19297,2,126,2,4.89564,55,1,4.96552,47,1,4.96934,52,1,4.21883,101,2
AncHKU4_alt,FALSE,8.75301,50,1,5.41631,56,1,7.47524,42,2,1.28037,2,116,2,4.75422,47,1,4.88693,43,1,4.94348,45,1,4.09851,96,2
AncHKU4_alt,TRUE,8.95712,66,1,5.4955,75,1,7.48539,54,2,1.22667,2,134,2,4.88178,70,1,4.91484,66,1,4.94233,64,1,3.98042,116,2
AncHKU4a_MAP,FALSE,8.96194,33,1,5.56316,37,1,7.69538,21,2,1.23855,2,57,2,4.91325,30,1,4.94441,31,1,4.95531,31,1,4.26176,51,2
AncHKU4a_MAP,TRUE,9.08757,25,1,5.60973,27,1,7.99753,20,2,1.20012,2,62,2,4.81593,23,1,4.91166,25,1,4.99552,27,1,3.92889,54,2
AncHKU4a_alt,FALSE,8.73031,42,1,5.34686,47,1,7.4986,34,2,1.20465,2,84,2,4.90185,42,1,4.97107,40,1,4.96814,37,1,4.59068,72,2
AncHKU4a_alt,TRUE,8.85656,36,1,5.50513,41,1,7.31293,25,2,1.23146,2,80,2,4.83621,35,1,4.88331,34,1,4.90992,34,1,4.35057,65,2
AncHKU4b_MAP,FALSE,5.8301,47,1,5.56753,52,1,7.27248,72,2,0.98567,2,113,2,4.88904,44,1,4.92548,42,1,4.9428,40,1,4.85553,92,2
AncHKU4b_MAP,TRUE,7.67534,47,1,5.59586,54,1,7.6778,41,2,1.03189,2,102,2,4.88672,46,1,4.8812,45,1,4.90253,43,1,4.41967,89,2
AncHKU4b_alt,FALSE,7.00339,59,1,5.5214,62,1,7.59454,57,2,1.16862,2,123,2,4.93461,55,1,4.93535,55,1,4.95752,53,1,4.79502,104,2
AncHKU4b_alt,TRUE,8.16043,77,1,5.64679,76,1,7.65477,59,2,1.1717,2,135,2,4.81678,66,1,4.94172,63,1,4.9273,68,1,4.4904,108,2
AncHKU4c_MAP,FALSE,5.93664,69,1,5.4873,69,1,7.62639,48,2,1.18076,2,108,2,4.86141,62,1,4.93222,58,1,4.9087,54,1,4.29416,86,2
AncHKU4c_MAP,TRUE,6.25223,72,1,5.67082,74,1,7.67421,57,2,1.18106,2,135,2,4.8673,67,1,4.90719,63,1,4.90881,65,1,4.25482,118,2
AncHKU4c_alt,FALSE,9.26071,81,1,5.39548,87,1,7.61825,64,2,1.25824,2,146,2,4.85521,76,1,4.91905,66,1,4.92861,72,1,4.27273,126,2
AncHKU4c_alt,TRUE,9.21446,51,1,5.47953,55,1,7.60255,52,2,1.29604,2,112,2,4.80572,47,1,4.91219,46,1,4.94555,47,1,4.12256,98,2
AncHKU4d_MAP,FALSE,5.12257,55,1,5.34257,54,1,7.55736,45,2,1.1072,2,102,2,4.8994,47,1,4.92133,45,1,4.96036,44,1,4.33835,88,2
AncHKU4d_MAP,TRUE,5.20305,46,1,5.50926,46,1,7.74948,38,2,1.10746,2,88,2,4.89599,41,1,4.95558,42,1,4.98106,38,1,4.23429,76,2
AncHKU4d_alt,FALSE,7.28206,51,1,5.31294,60,1,7.64927,45,2,1.14197,2,106,2,4.88395,49,1,4.91896,51,1,4.97971,46,1,4.50852,84,2
AncHKU4d_alt,TRUE,8.15591,65,1,5.55416,69,1,7.54145,50,2,1.23034,2,129,2,4.85964,59,1,4.94448,55,1,4.88825,56,1,4.15069,111,2
AncHKU5_MAP,FALSE,5.0442,51,1,5.43151,57,1,7.4353,43,2,1.21206,2,94,2,4.87822,46,1,4.92214,46,1,4.94301,45,1,4.83174,79,2
AncHKU5_MAP,TRUE,5.05478,53,1,5.57663,55,1,7.67109,40,2,1.34975,2,113,2,4.93469,50,1,4.92984,46,1,4.96728,50,1,4.60974,109,2
AncHKU5_alt,FALSE,5.04425,36,1,5.47134,41,1,7.66498,41,2,1.24383,2,86,2,4.9042,35,1,4.97177,30,1,4.98806,33,1,4.64802,76,2
AncHKU5_alt,TRUE,5.05398,84,1,5.64517,85,1,7.54298,80,2,1.33422,2,149,2,4.86194,66,1,4.93701,69,1,4.94075,71,1,4.36648,139,2
AncHKU5a_MAP,FALSE,5.04959,81,1,5.26783,85,1,7.55917,81,2,1.11713,2,164,2,4.9076,76,1,4.92779,71,1,4.9561,69,1,4.76351,138,2
AncHKU5a_MAP,TRUE,5.06731,66,1,5.4767,65,1,7.60718,41,2,1.15167,2,117,2,4.91366,62,1,4.88899,58,1,4.95589,57,1,4.34817,106,2
AncHKU5a_alt,FALSE,5.05697,33,1,5.27221,38,1,7.52485,31,2,1.17073,2,73,2,4.92223,33,1,4.8802,27,1,4.95729,30,1,4.86159,65,2
AncHKU5a_alt,TRUE,5.11657,52,1,5.51022,49,1,7.77515,32,2,1.11452,2,104,2,4.90854,49,1,4.89753,43,1,4.94514,45,1,4.60109,89,2
AncHKU5b_MAP,FALSE,5.07952,62,1,5.57347,62,1,7.33228,57,2,1.33359,2,119,2,4.92963,53,1,4.9229,44,1,4.94284,50,1,4.8298,94,2
AncHKU5b_MAP,TRUE,5.06897,50,1,5.59687,48,1,7.49194,17,2,1.38925,2,79,2,4.90444,47,1,4.92192,38,1,4.90657,50,1,4.67539,69,2
AncHKU5b_alt,FALSE,5.05262,66,1,5.47993,69,1,7.34595,53,2,1.37783,2,130,2,4.89387,57,1,4.89103,58,1,4.93956,61,1,4.81507,108,2
AncHKU5b_alt,TRUE,5.06089,75,1,5.63018,77,1,7.5534,44,2,1.3732,2,150,2,4.94012,68,1,4.93821,64,1,4.94508,61,1,4.51327,130,2
AncMERSHKU4_MAP,FALSE,5.05953,69,1,5.30387,69,1,7.47502,42,2,2.12346,2,125,2,4.90889,60,1,4.88799,59,1,4.93029,62,1,4.4998,115,2
AncMERSHKU4_MAP,TRUE,5.08883,64,1,5.29936,63,1,7.51118,32,2,2.08915,2,129,2,4.875,58,1,4.93712,48,1,4.92638,53,1,4.47495,103,2
AncMERSHKU4_alt,FALSE,5.07282,72,1,5.39622,72,1,7.76022,56,2,2.08792,2,129,2,4.87527,63,1,4.90852,63,1,4.95113,58,1,4.16174,119,2
AncMERSHKU4_alt,TRUE,5.09471,35,1,5.50049,37,1,7.52635,30,2,2.13986,2,68,2,4.77651,33,1,4.90844,30,1,4.89059,30,1,4.0355,61,2
AncMerbeco1_MAP,FALSE,5.11851,53,1,5.60432,57,1,7.27441,61,2,0.97048,2,92,2,4.90198,46,1,4.89319,45,1,4.92547,48,1,4.81931,78,2
AncMerbeco1_MAP,TRUE,5.0561,43,1,5.73559,44,1,7.01142,64,2,0.96107,2,93,2,4.89446,32,1,4.93713,34,1,4.90222,33,1,4.82718,75,2
AncMerbeco1_alt,FALSE,5.09913,48,1,5.56407,52,1,5.88359,90,2,1.22425,2.33448,60,2,4.94931,19,1,4.68319,15,1,4.89224,17,1,4.84716,52,2
AncMerbeco1_alt,TRUE,5.06231,37,1,5.54326,42,1,5.96849,80,2,1.33692,2.44715,47,2,4.86436,18,1,4.75477,17,1,4.78369,17,1,4.83108,30,2
AncMerbeco2_MAP,FALSE,5.14914,15,1,5.50822,17,1,6.88224,29,2,0.94512,2,36,2,4.75324,14,1,4.90343,15,1,4.921,13,1,4.81987,32,2
AncMerbeco2_MAP,TRUE,5.12774,47,1,5.47182,44,1,7.34213,59,2,0.93403,2,95,2,4.92608,34,1,4.91752,39,1,4.94467,36,1,4.84527,83,2
AncMerbeco2_alt,FALSE,5.06772,45,1,5.61338,48,1,6.84574,79,2,0.91266,2,88,2,4.91868,29,1,4.93465,27,1,4.92684,29,1,4.81718,71,2
AncMerbeco2_alt,TRUE,5.06712,75,1,5.42136,85,1,7.32525,69,2,0.90653,2,136,2,4.91196,71,1,4.90557,64,1,4.90765,68,1,4.7578,120,2
AncMerbeco3_MAP,FALSE,5.06118,46,1,5.49401,46,1,7.61577,33,2,2.09191,2,99,2,4.88149,44,1,4.98015,42,1,4.90725,40,1,4.13354,85,2
AncMerbeco3_MAP,TRUE,5.07123,39,1,5.54562,40,1,7.7197,33,2,1.85758,2,88,2,4.84599,29,1,4.98581,28,1,4.96301,30,1,4.01768,79,2
AncMerbeco3_alt,FALSE,5.04569,70,1,5.35129,72,1,7.74031,48,2,2.39306,2,107,2,4.86918,66,1,4.91877,63,1,4.95551,61,1,4.31083,95,2
AncMerbeco3_alt,TRUE,5.04609,82,1,5.42576,90,1,7.44806,62,2,2.21882,2,146,2,4.88584,70,1,4.89128,70,1,4.92531,67,1,4.19268,131,2
AncNeoEri_MAP,FALSE,5.07176,27,1,5.60947,27,1,6.71598,42,2,0.87282,2,47,2,4.83133,24,1,4.93405,22,1,4.93632,25,1,4.89637,41,2
AncNeoEri_MAP,TRUE,5.14226,6,1,5.41843,6,1,6.64616,10,2,1.06335,2,15,2,5,6,1,4.90205,4,1,5,5,1,4.99485,13,2
AncNeoEri_alt,FALSE,5.0682,55,1,5.49216,57,1,7.46365,57,2,0.96017,2,122,2,4.88768,48,1,4.91714,49,1,4.94875,44,1,4.77331,105,2
AncNeoEri_alt,TRUE,5.03919,67,1,5.45698,68,1,7.39681,70,2,0.92008,2,130,2,4.88263,59,1,4.8818,53,1,4.93312,48,1,4.80531,112,2
AncNeoGhEri_MAP,FALSE,5.05693,72,1,5.69317,81,1,6.32947,110,2,1.04958,2.15981,118,2,4.81554,50,1,4.82308,54,1,4.88874,48,1,4.79224,105,2
AncNeoGhEri_MAP,TRUE,5.04525,47,1,5.83112,50,1,6.33158,86,2,1.07179,2.18202,82,2,4.93351,28,1,4.92834,21,1,4.89682,28,1,4.78769,71,2
AncNeoGhEri_alt,FALSE,5.06848,28,1,5.7753,28,1,6.67829,53,2,1.02407,2,64,2,4.89711,24,1,4.8735,24,1,4.88522,24,1,4.80892,54,2
AncNeoGhEri_alt,TRUE,5.13242,29,1,5.74847,34,1,6.66067,48,2,1.05171,2,58,2,4.84816,31,1,4.75055,27,1,4.95056,25,1,4.81875,49,2
AncNeo_MAP,FALSE,5.21997,53,1,5.92352,52,1,7.66306,36,2,1.59677,2,105,2,4.80256,53,1,4.92789,46,1,4.93509,51,1,4.46437,94,2
AncNeo_MAP,TRUE,5.04814,55,1,5.84108,55,1,7.46336,58,2,1.16332,2,108,2,4.83018,52,1,4.93675,51,1,4.9613,49,1,4.63824,97,2
AncNeo_alt,FALSE,5.05606,69,1,5.81598,70,1,7.007,69,2,1.30161,2,131,2,4.88309,65,1,4.94484,62,1,4.94306,62,1,4.82049,107,2
AncNeo_alt,TRUE,5.14323,48,1,5.89009,44,1,6.87228,46,2,1.10066,2,97,2,4.88143,43,1,4.90659,44,1,4.88186,40,1,4.82897,84,2
BatCoV_SWI1,FALSE,5.04265,48,1,5.56669,51,1,7.87104,39,2,0.93047,2,77,2,4.9374,44,1,4.94546,43,1,4.95992,36,1,4.72149,67,2
BatCoV_SWI1,TRUE,5.06313,59,1,5.5988,57,1,7.53304,51,2,1.05157,2,115,2,4.92255,53,1,4.95127,51,1,4.94039,50,1,4.45976,95,2
BatCoV_SWI2,FALSE,5.09402,60,1,5.61126,63,1,7.38733,52,2,0.90409,2,124,2,4.87602,58,1,4.93033,57,1,4.9344,56,1,4.70877,103,2
BatCoV_SWI2,TRUE,5.05271,54,1,5.6064,57,1,7.68727,44,2,1.03291,2,114,2,4.89153,47,1,4.94242,52,1,4.93582,50,1,3.25904,93,2
BtCoV_B12080,FALSE,5.30617,76,1,5.55288,80,1,7.94163,56,2,0.95821,2,134,2,4.89812,69,1,4.88603,64,1,4.93719,73,1,4.80122,115,2
BtCoV_B12080,TRUE,6.08301,40,1,5.50335,38,1,7.482,42,2,1.10459,2,87,2,4.88744,33,1,4.96987,27,1,4.89933,31,1,4.61486,70,2
EjCoV3,FALSE,5.08034,86,1,5.46802,80,1,7.28155,66,2,0.99075,2,165,2,4.93142,78,1,4.92286,74,1,4.90748,79,1,4.80296,149,2
EjCoV3,TRUE,5.1001,65,1,5.40912,64,1,7.78652,47,2,1.1545,2,120,2,4.91725,57,1,4.88682,58,1,4.93115,54,1,4.57316,105,2
EriCoV_Deu174,FALSE,5.14533,20,1,5.64237,19,1,7.81631,17,2,1.26592,2,44,2,4.80677,13,1,4.96919,19,1,4.93294,16,1,3.7633,40,2
EriCoV_Deu174,TRUE,5.24044,37,1,5.52765,38,1,7.87149,36,2,1.28195,2,77,2,4.74966,32,1,4.94219,28,1,4.89734,29,1,3.97883,61,2
EriCoV_GB1,FALSE,5.04804,68,1,5.53195,72,1,7.79552,42,2,0.95686,2,123,2,4.85014,55,1,4.96192,49,1,4.9005,55,1,4.60844,104,2
EriCoV_GB1,TRUE,5.06446,67,1,5.49424,70,1,7.60479,55,2,0.93402,2,127,2,4.87465,58,1,4.88618,59,1,4.93227,56,1,4.66714,103,2
EriCoV_HKU31,FALSE,5.14744,22,1,5.44714,24,1,7.77926,27,2,0.86821,2,59,2,4.82059,18,1,4.93269,16,1,4.91708,20,1,4.84006,50,2
EriCoV_HKU31,TRUE,5.05216,36,1,5.48607,38,1,7.45361,31,2,0.89968,2,65,2,4.80171,36,1,4.96229,30,1,4.941,28,1,4.83213,54,2
EriCoV_Ita1169881,FALSE,5.12504,51,1,5.48637,48,1,7.3289,48,2,0.90038,2,101,2,4.83919,39,1,4.90948,39,1,4.93705,43,1,4.76398,84,2
EriCoV_Ita1169881,TRUE,5.03264,14,1,5.56782,14,1,7.68358,11,2,0.92539,2,27,2,4.93728,15,1,4.95326,12,1,4.95109,13,1,4.84984,23,2
EriCoV_Ita502651,FALSE,5.00707,19,1,5.52353,20,1,7.45334,18,2,1.02515,2,51,2,4.90428,15,1,4.83368,19,1,4.91032,17,1,4.50676,45,2
EriCoV_Ita502651,TRUE,5.02889,11,1,5.48672,11,1,7.71756,4,2,1.05306,2,15,2,4.90567,10,1,4.93885,9,1,4.97879,11,1,4.44193,11,2
EriCoV_Ita5026511,FALSE,5.07917,43,1,5.45157,42,1,7.21997,39,2,1.02052,2,98,2,4.85207,35,1,4.94234,34,1,4.96001,33,1,4.71097,88,2
EriCoV_Ita5026511,TRUE,5.18901,5,1,5.6825,6,1,7.71379,3,2,0.98047,2,7,2,4.86628,4,1,5,4,1,4.97633,3,1,4.62335,7,2
EriCoV_Ita5026512,FALSE,5.05858,48,1,5.54032,45,1,7.81747,37,2,0.95832,2,93,2,4.8942,45,1,4.96433,35,1,4.93239,44,1,4.63905,84,2
EriCoV_Ita5026512,TRUE,5.08227,14,1,5.47265,16,1,7.73861,7,2,0.87885,2,28,2,4.92132,12,1,5,11,1,4.97794,11,1,4.52732,23,2
EriCoV_Ita5026515,FALSE,5.04015,45,1,5.69428,47,1,7.3634,35,2,0.97375,2,105,2,4.85548,33,1,4.87124,37,1,4.90995,36,1,4.67527,85,2
EriCoV_Ita5026515,TRUE,5.032,63,1,5.62338,63,1,7.92926,56,2,0.98735,2,121,2,4.89915,55,1,4.91124,52,1,4.93601,57,1,4.72803,101,2
EriCoV_Ita5026517,FALSE,5.03232,72,1,5.59171,71,1,7.5547,41,2,0.98476,2,120,2,4.92242,66,1,4.86986,66,1,4.91666,60,1,4.5357,104,2
EriCoV_Ita5026517,TRUE,5.04978,83,1,5.55991,85,1,7.61482,58,2,1.00621,2,144,2,4.89817,74,1,4.93515,67,1,4.95559,65,1,4.6058,127,2
EriCoV_Ita5026519,FALSE,5.02954,48,1,5.40382,49,1,7.70654,44,2,1.01384,2,99,2,4.815,36,1,4.93017,41,1,4.96262,40,1,4.65655,81,2
EriCoV_Ita5026519,TRUE,5.04433,63,1,5.45626,63,1,7.56549,39,2,0.9907,2,119,2,4.87735,52,1,4.91105,50,1,4.92399,53,1,4.76023,99,2
HKU25_NL140462,FALSE,5.08839,78,1,5.43723,83,1,7.42109,94,2,1.04487,2,155,2,4.92471,62,1,4.88443,62,1,4.92577,55,1,4.84023,127,2
HKU25_NL140462,TRUE,5.025,58,1,5.45096,62,1,7.52992,33,2,1.2749,2,107,2,4.88205,56,1,4.94296,55,1,4.91554,55,1,4.50994,87,2
HKU25_YD131305,FALSE,5.06431,50,1,5.85067,54,1,5.97935,75,2,1.31783,2.42806,51,2,4.87564,14,1,4.87823,15,1,4.84942,14,1,4.82555,39,2
HKU25_YD131305,TRUE,5.05934,56,1,5.62055,60,1,6.16388,123,2,1.11269,2.22292,94,2,4.87058,41,1,4.91562,31,1,4.95763,35,1,4.82436,78,2
HKU4,FALSE,5.10511,66,1,5.73617,66,1,6.66831,119,2,1.06138,2,121,2,4.84744,49,1,4.8784,49,1,4.88426,48,1,4.80028,102,2
HKU4,TRUE,5.51043,43,1,5.61732,51,1,7.35021,37,2,0.95177,2,94,2,4.85973,40,1,4.91943,41,1,4.89272,37,1,4.79565,78,2
HKU4r_161028,FALSE,5.03782,18,1,5.54091,20,1,6.22435,52,2,1.4029,2.51313,34,2,4.53741,6,1,4.83899,6,1,4.69041,5,1,4.85106,26,2
HKU4r_161028,TRUE,6.46719,69,1,5.63634,78,1,7.65383,59,2,0.93725,2,140,2,4.88395,65,1,4.9377,66,1,4.91552,70,1,4.75425,129,2
HKU4r_162275,FALSE,5.17444,45,1,5.58844,46,1,7.00148,67,2,0.94458,2,89,2,4.93454,35,1,4.93214,33,1,4.91347,33,1,4.86174,84,2
HKU4r_162275,TRUE,5.3361,55,1,5.77005,51,1,7.21191,43,2,0.86637,2,106,2,4.86828,42,1,4.87444,40,1,4.92611,41,1,4.83212,82,2
HKU4r_BtCoV_1332005,FALSE,5.07367,54,1,5.73418,57,1,6.80865,78,2,0.99495,2,100,2,4.88038,46,1,4.88547,46,1,4.93775,48,1,4.86245,87,2
HKU4r_BtCoV_1332005,TRUE,6.60701,86,1,5.6582,94,1,7.40305,54,2,0.94665,2,146,2,4.85976,74,1,4.92166,68,1,4.91486,73,1,4.75121,121,2
HKU4r_CZ01,FALSE,5.15382,28,1,5.69986,33,1,6.58817,77,2,0.98089,2,69,2,4.8953,19,1,4.86449,21,1,4.93907,16,1,4.79629,65,2
HKU4r_CZ01,TRUE,9.16027,55,1,5.79165,64,1,7.44676,52,2,1.00172,2,100,2,4.92991,58,1,4.92093,52,1,4.90214,58,1,4.66861,85,2
HKU4r_GZ160421,FALSE,5.06782,56,1,5.72507,60,1,6.84354,80,2,1.04442,2,97,2,4.91234,45,1,4.89872,46,1,4.92609,50,1,4.8557,72,2
HKU4r_GZ160421,TRUE,5.39449,72,1,5.59001,76,1,7.77642,80,2,0.96015,2,126,2,4.91735,63,1,4.93078,65,1,4.96781,65,1,4.79012,110,2
HKU4r_GZ1862,FALSE,5.0721,57,1,5.8316,59,1,6.31188,106,2,1.07509,2.18532,85,2,4.87813,28,1,4.82675,24,1,4.87613,22,1,4.77095,73,2
HKU4r_GZ1862,TRUE,7.8621,38,1,5.65737,45,1,7.56855,53,2,0.92748,2,100,2,4.90641,43,1,4.95361,40,1,4.97805,44,1,4.83837,80,2
HKU4r_JPDB144,FALSE,5.18031,68,1,5.7092,70,1,6.3678,120,2,1.07784,2.18807,97,2,4.84755,41,1,4.95126,38,1,4.92392,36,1,4.75715,83,2
HKU4r_JPDB144,TRUE,9.31643,68,1,5.52826,74,1,7.56784,75,2,0.9453,2,151,2,4.90142,66,1,4.95259,63,1,4.92899,64,1,4.74055,121,2
HKU4r_panP251T,FALSE,8.12385,43,1,5.69623,50,1,5.86362,88,2,1.47719,2.58742,38,2,4.83809,19,1,4.90017,14,1,4.81136,12,1,4.69124,24,2
HKU4r_panP251T,TRUE,9.27514,51,1,5.81672,60,1,7.26918,48,2,0.93109,2,116,2,4.93362,56,1,4.91004,52,1,4.94222,52,1,4.80771,106,2
HKU5,FALSE,5.05903,56,1,5.67442,64,1,7.47169,48,2,1.11781,2,107,2,4.93412,47,1,4.86919,50,1,4.94022,51,1,4.81695,93,2
HKU5,TRUE,5.04598,71,1,5.62794,74,1,7.79443,63,2,1.27296,2,132,2,4.90185,59,1,4.94586,61,1,4.96023,59,1,4.63715,122,2
HKU5r_17S,FALSE,5.07883,63,1,5.43576,65,1,6.99942,65,2,0.97595,2,121,2,4.92281,57,1,4.92085,54,1,4.93875,53,1,4.84581,105,2
HKU5r_17S,TRUE,5.04388,65,1,5.49033,60,1,7.19445,80,2,0.9511,2,129,2,4.84111,50,1,4.90624,51,1,4.94445,50,1,4.81914,106,2
HKU5r_19S,FALSE,5.0391,78,1,5.65423,86,1,7.40196,57,2,1.36128,2,136,2,4.91838,71,1,4.88227,70,1,4.94385,72,1,4.85943,109,2
HKU5r_19S,TRUE,5.06059,72,1,5.55812,72,1,7.59783,41,2,1.5372,2,122,2,4.84593,62,1,4.9549,60,1,4.94575,60,1,4.50217,109,2
HKU5r_2,FALSE,5.05914,62,1,5.85813,62,1,7.21802,62,2,1.1042,2,129,2,4.8655,61,1,4.87803,56,1,4.93095,57,1,4.7608,107,2
HKU5r_2,TRUE,5.0597,75,1,6.04867,77,1,7.46977,56,2,1.20007,2,153,2,4.80717,73,1,4.96145,68,1,4.94336,64,1,4.36714,137,2
HKU5r_20S,FALSE,5.08915,67,1,5.67064,69,1,7.50692,64,2,1.00109,2,126,2,4.95048,59,1,4.95621,60,1,4.9336,64,1,4.78772,111,2
HKU5r_20S,TRUE,5.04554,62,1,5.7466,61,1,7.6428,50,2,0.94407,2,131,2,4.87803,59,1,4.95105,58,1,4.96321,57,1,4.62938,109,2
HKU5r_21S,FALSE,5.02533,33,1,5.63849,35,1,6.84776,29,2,1.38023,2,72,2,4.87561,33,1,4.94015,33,1,4.9582,30,1,4.82883,60,2
HKU5r_21S,TRUE,5.06995,73,1,5.66137,72,1,7.64112,36,2,1.55736,2,148,2,4.86666,64,1,4.95866,68,1,4.90515,57,1,4.50434,129,2
HKU5r_24S,FALSE,5.0097,47,1,5.56588,49,1,7.61343,34,2,0.9883,2,66,2,4.85459,44,1,4.87933,44,1,4.93819,40,1,4.68038,58,2
HKU5r_24S,TRUE,5.11916,69,1,5.66006,66,1,7.60175,66,2,1.0804,2,139,2,4.75842,57,1,4.87121,58,1,4.92183,59,1,4.12834,117,2
HKU5r_27S,FALSE,5.07761,41,1,5.6391,44,1,7.28408,49,2,0.9868,2,95,2,4.90338,37,1,4.94878,39,1,4.93689,37,1,4.87447,82,2
HKU5r_27S,TRUE,5.07295,47,1,5.76006,51,1,7.49388,32,2,1.0484,2,85,2,4.87648,43,1,4.91275,43,1,4.94976,41,1,4.50787,68,2
HKU5r_30S,FALSE,5.02677,51,1,5.82794,51,1,7.17385,68,2,0.92901,2,115,2,4.90246,45,1,4.94168,41,1,4.90761,44,1,4.85775,101,2
HKU5r_30S,TRUE,5.08376,60,1,5.83882,62,1,7.30805,25,2,1.01767,2,112,2,4.93574,56,1,4.91616,55,1,4.96402,51,1,4.64642,92,2
HKU5r_31S,FALSE,5.08337,40,1,5.60559,42,1,7.73531,27,2,1.14238,2,79,2,4.89039,37,1,4.92813,31,1,4.91325,38,1,4.80488,64,2
HKU5r_31S,TRUE,5.03128,78,1,5.59059,78,1,7.57072,40,2,1.31205,2,136,2,4.8611,69,1,4.93959,67,1,4.94634,73,1,4.41795,115,2
HKU5r_32S,FALSE,5.10197,53,1,5.74371,54,1,7.56311,61,2,1.1892,2,122,2,4.86237,47,1,4.88293,48,1,4.90278,50,1,4.86409,100,2
HKU5r_32S,TRUE,5.04173,49,1,5.49755,54,1,7.83183,48,2,1.38545,2,98,2,4.9242,48,1,4.98929,46,1,4.95671,49,1,4.70442,88,2
HKU5r_33S,FALSE,5.05217,66,1,5.75304,71,1,6.5988,103,2,1.11807,2.08748,115,2,4.91569,48,1,4.8563,47,1,4.92782,48,1,4.88425,95,2
HKU5r_33S,TRUE,5.08654,53,1,5.80347,51,1,7.57986,51,2,1.0379,2,99,2,4.94426,50,1,4.96069,47,1,4.95631,43,1,4.85371,86,2
HKU5r_A4342005,FALSE,5.08375,75,1,5.46432,77,1,7.44431,67,2,1.01732,2,132,2,4.85247,63,1,4.94181,68,1,4.94699,67,1,4.76993,114,2
HKU5r_A4342005,TRUE,5.03018,82,1,5.52882,85,1,7.2862,45,2,1.07791,2,154,2,4.87575,71,1,4.88012,74,1,4.94213,75,1,4.44495,136,2
HKU5r_BY140535,FALSE,5.04822,40,1,5.8969,49,1,5.78491,80,2,1.27977,2.39,38,2,4.88718,16,1,4.91429,12,1,4.90321,13,1,4.77484,35,2
HKU5r_BY140535,TRUE,5.07181,70,1,5.82604,70,1,6.47439,83,2,1.07157,2.1818,99,2,4.91619,53,1,4.8609,53,1,4.9171,48,1,4.77961,82,2
HKU5r_BY140562,FALSE,5.05772,67,1,5.39553,69,1,7.60489,71,2,1.02776,2,149,2,4.89482,63,1,4.93722,57,1,4.92248,58,1,4.84997,133,2
HKU5r_BY140562,TRUE,5.05374,64,1,5.56367,64,1,7.52066,34,2,1.26411,2,130,2,4.86372,60,1,4.94343,56,1,4.97683,59,1,4.5535,114,2
HKU5r_BY140568,FALSE,5.03987,51,1,5.74374,48,1,7.56808,51,2,1.146,2,121,2,4.8609,45,1,4.96593,42,1,4.93007,45,1,4.52855,108,2
HKU5r_BY140568,TRUE,5.07737,53,1,5.74864,54,1,7.38839,39,2,1.26771,2,109,2,4.80301,52,1,4.88956,44,1,4.94668,51,1,4.07212,89,2
HKU5r_Wenzhou1,FALSE,5.04024,34,1,5.91426,38,1,6.02815,70,2,1.2537,2.36393,54,2,4.81401,15,1,4.8764,17,1,4.99594,14,1,4.70891,39,2
HKU5r_Wenzhou1,TRUE,5.0541,77,1,5.70136,77,1,7.34803,35,2,0.96767,2,152,2,4.86032,72,1,4.92652,69,1,4.9449,69,1,4.79672,129,2
HKU5r_YD13403,FALSE,5.11264,46,1,5.71767,46,1,7.09732,51,2,1.13835,2,90,2,4.86447,43,1,4.93142,36,1,4.94603,42,1,4.86805,82,2
HKU5r_YD13403,TRUE,5.04003,96,1,5.58712,97,1,7.58997,99,2,1.26499,2,148,2,4.90535,84,1,4.92743,75,1,4.92501,80,1,4.76566,135,2
HsCoV_Ita20664540,FALSE,5.04185,67,1,5.87253,71,1,5.76302,120,2,1.27472,2.38495,66,2,4.94577,26,1,4.84924,21,1,4.89573,18,1,4.86133,48,2
HsCoV_Ita20664540,TRUE,5.02128,69,1,5.86483,67,1,6.25198,85,2,1.04793,2.15816,95,2,4.91071,52,1,4.8977,52,1,4.90717,48,1,4.81351,91,2
KW2EF93Gha2010,FALSE,5.05239,47,1,5.52755,47,1,7.17451,56,2,0.94886,2,88,2,4.92312,42,1,4.95369,39,1,4.90422,40,1,4.84519,80,2
KW2EF93Gha2010,TRUE,5.04396,46,1,5.51653,48,1,7.4726,53,2,0.87665,2,82,2,4.90563,40,1,4.91115,42,1,4.92557,43,1,4.83637,78,2
MjHKU4r1,FALSE,8.75259,52,1,5.75459,54,1,6.57532,88,2,0.90686,2,101,2,4.9146,43,1,4.95664,36,1,4.89868,36,1,4.85679,79,2
MjHKU4r1,TRUE,9.8738,56,1,5.70355,65,1,7.29907,45,2,1.0114,2,137,2,4.94321,62,1,4.93634,54,1,4.93974,58,1,4.72585,116,2
NL13845,FALSE,5.48193,69,1,5.45423,66,1,7.5024,37,2,1.48273,2,121,2,4.88642,59,1,4.89034,57,1,4.94837,53,1,4.51325,109,2
NL13845,TRUE,5.64336,49,1,5.41302,49,1,7.6114,39,2,1.16933,2,78,2,4.86373,36,1,4.93943,38,1,4.91091,39,1,4.43716,66,2
NL13892,FALSE,5.05984,57,1,5.72801,59,1,6.85766,81,2,1.06093,2,113,2,4.91742,50,1,4.86112,41,1,4.87396,45,1,4.85974,96,2
NL13892,TRUE,5.05174,61,1,5.63695,64,1,7.22328,53,2,0.92029,2,128,2,4.90936,54,1,4.94473,50,1,4.96643,51,1,4.89848,100,2
NL140422,FALSE,8.00415,58,1,5.3033,67,1,7.66479,49,2,1.12304,2,118,2,4.89723,56,1,4.87822,44,1,4.90986,51,1,4.7497,96,2
NL140422,TRUE,8.78398,57,1,5.43331,60,1,7.69072,36,2,1.23753,2,122,2,4.89162,48,1,4.94791,48,1,4.92779,51,1,4.31028,105,2
NL140455,FALSE,5.12093,69,1,5.5254,82,1,5.98688,146,2,1.24634,2.35657,83,2,4.88852,29,1,4.90768,28,1,4.81652,29,1,4.76724,63,2
NL140455,TRUE,5.08615,45,1,5.62366,48,1,6.24688,85,2,1.24483,2.35506,53,2,4.76145,16,1,4.88013,18,1,4.85345,13,1,4.85066,43,2
NeoCoV,FALSE,5.05099,53,1,8.23222,57,1,7.40365,47,2,0.96705,2,106,2,4.87038,53,1,4.89253,46,1,4.92152,50,1,4.78961,83,2
NeoCoV,TRUE,5.10514,38,1,8.09584,41,1,7.13125,45,2,0.95206,2,106,2,4.92731,36,1,4.92629,31,1,4.8889,30,1,4.79862,93,2
PDF2180,FALSE,5.04042,38,1,9.08022,43,1,7.19652,50,2,1.35546,2,101,2,4.83517,39,1,4.93943,37,1,4.97132,37,1,4.77246,91,2
PDF2180,TRUE,5.05212,71,1,9.21236,70,1,7.06153,77,2,1.17549,2,142,2,4.86991,66,1,4.91754,58,1,4.97223,67,1,4.76982,125,2
PaGB01,FALSE,5.02901,84,1,5.65804,85,1,7.42329,97,2,1.0983,2,180,2,4.90007,71,1,4.92909,61,1,4.95321,68,1,4.66129,163,2
PaGB01,TRUE,5.07154,64,1,5.77011,65,1,7.75047,49,2,1.10096,2,110,2,4.93923,60,1,4.9352,57,1,4.9705,58,1,4.51734,94,2
PkCoV_Ita20664563,FALSE,5.05735,51,1,5.65749,66,1,6.1982,120,2,1.37206,2.48229,42,2,4.80463,16,1,4.64517,16,1,4.93864,17,1,4.61735,29,2
PkCoV_Ita20664563,TRUE,5.04889,58,1,5.80408,60,1,6.85846,77,2,0.93034,2,124,2,4.89434,50,1,4.91623,50,1,4.89195,48,1,4.8719,104,2
PnNL2018B,FALSE,5.03857,4,1,5.67057,4,1,6.77947,8,2,NA,NA,0,0,NA,0,0,NA,0,0,NA,0,0,NA,0,0
PnNL2018B,TRUE,5.71924,8,1,5.51664,8,1,6.3672,16,2,NA,NA,0,0,NA,0,0,NA,0,0,NA,0,0,NA,0,0
Russia_MOW1522,FALSE,5.09872,46,1,5.60655,49,1,7.23541,51,2,1.01215,2,102,2,4.91212,44,1,4.94299,42,1,4.91945,43,1,4.90766,85,2
Russia_MOW1522,TRUE,5.05396,65,1,5.59121,70,1,7.51611,50,2,1.039,2,121,2,4.94261,62,1,4.95849,57,1,4.96579,57,1,4.78319,103,2
SC2013,FALSE,5.04389,47,1,5.60297,54,1,7.25231,49,2,1.11692,2,85,2,4.87503,43,1,4.85667,42,1,4.91462,45,1,4.8496,72,2
SC2013,TRUE,5.15307,32,1,5.76208,33,1,7.37274,25,2,1.28992,2,60,2,4.95497,31,1,4.93218,32,1,4.92848,31,1,4.78949,57,2
VsCoV1,FALSE,5.05588,39,1,5.7028,40,1,7.1412,46,2,1.10976,2,69,2,4.94023,38,1,4.9239,31,1,4.96407,36,1,4.7726,70,2
VsCoV1,TRUE,5.07102,28,1,5.59919,31,1,7.0657,23,2,1.17231,2,62,2,4.92128,30,1,4.9219,28,1,4.97482,28,1,4.86533,52,2
VsCoVa7,FALSE,5.0359,70,1,5.6698,76,1,7.74745,56,2,1.07533,2,165,2,4.93565,66,1,4.90453,61,1,4.93212,64,1,4.81399,134,2
VsCoVa7,TRUE,5.04449,56,1,5.73781,55,1,7.87121,36,2,1.07889,2,120,2,4.92844,51,1,4.93927,50,1,4.90422,52,1,4.54644,103,2
VsCoVkj15,FALSE,5.04159,45,1,5.58602,49,1,6.93571,50,2,1.18796,2,89,2,4.89002,39,1,4.88805,36,1,4.89002,36,1,4.88113,77,2
VsCoVkj15,TRUE,5.05277,54,1,5.56445,58,1,7.54844,39,2,1.28619,2,107,2,4.87237,42,1,4.89563,49,1,4.93015,48,1,4.75229,90,2
cMERS_ALA49341,FALSE,8.05585,60,1,5.53893,67,1,6.64393,99,2,4.24519,5.1478,109,2,0.50075,44,1,2.59968,41,1,1.30809,29,1,0.4859,100,2
cMERS_ALA49341,TRUE,9.26479,70,1,5.51388,78,1,7.35013,71,2,5.56001,5.41722,129,2,0.52491,50,1,1.33302,61,1,0.24147,45,1,-0.11798,96,2
cMERS_ALA49374,FALSE,6.44687,26,1,5.66805,28,1,6.34625,48,2,3.80743,4.91766,40,2,0.73367,19,1,3.54949,20,1,2.74709,9,1,0.38019,42,2
cMERS_ALA49374,TRUE,9.1586,30,1,5.56829,34,1,7.26616,32,2,5.18945,5.17098,53,2,0.50592,14,1,1.38913,21,1,0.34929,14,1,0.07706,41,2
cMERS_AMO03401,FALSE,8.62832,48,1,5.44713,55,1,6.65855,81,2,4.43135,5.31231,88,2,0.57467,31,1,2.15965,35,1,0.84427,30,1,0.40738,87,2
cMERS_AMO03401,TRUE,9.18331,55,1,5.56109,62,1,6.97394,69,2,5.18044,5.59454,108,2,0.68996,31,1,1.45933,34,1,0.26732,37,1,0.07739,85,2
cMERS_ANI69835,FALSE,7.94924,48,1,5.58351,57,1,6.46602,81,2,3.97152,5.08175,73,2,0.54039,38,1,2.97153,42,1,1.62222,20,1,0.53243,77,2
cMERS_ANI69835,TRUE,9.16016,57,1,5.59948,66,1,6.83567,79,2,4.93649,5.55526,119,2,0.55923,42,1,1.90991,51,1,0.40204,47,1,0.11773,97,2
cMERS_ANI69889,FALSE,7.84833,66,1,5.52669,67,1,6.5887,107,2,4.21395,5.19832,108,2,0.57193,42,1,2.50304,47,1,0.98178,28,1,0.49786,103,2
cMERS_ANI69889,TRUE,9.13801,40,1,5.55657,43,1,7.04434,63,2,5.30861,5.61849,73,2,0.58245,28,1,1.39156,34,1,0.4622,27,1,0.09895,63,2
hMERS_AKM76239,FALSE,6.85292,61,1,5.55354,71,1,6.66559,106,2,4.28571,5.15625,124,2,0.5192,41,1,2.75081,42,1,0.77839,32,1,0.45442,114,2
hMERS_AKM76239,TRUE,8.79594,35,1,5.48747,39,1,6.99201,50,2,5.12794,5.51528,69,2,0.48448,29,1,1.99385,28,1,0.26741,28,1,-0.05205,53,2
hMERS_AMQ48993,FALSE,5.5659,39,1,5.53158,41,1,6.32317,61,2,3.08914,4.19937,49,2,1.03591,24,1,4.07913,24,1,4.34331,22,1,0.47205,46,2
hMERS_AMQ48993,TRUE,7.83141,67,1,5.58809,81,1,6.74906,102,2,4.30016,5.04714,133,2,0.46396,60,1,2.19733,58,1,2.78438,36,1,0.50348,134,2
hMERS_EMC2012,FALSE,8.74147,35,1,5.53859,39,1,6.80848,59,2,4.55951,5.21854,62,2,0.47033,26,1,2.14527,32,1,0.74393,22,1,0.31865,55,2
hMERS_EMC2012,TRUE,9.30098,45,1,5.50509,44,1,6.96892,59,2,5.49246,5.91399,83,2,0.60951,29,1,1.26566,31,1,0.10219,19,1,-0.05396,63,2
