alignment_site,amino_acid_MERS_rpk,site_MERS_rpk_RBD,site_MERS_rpk_spike,amino_acid_PDF2180,site_PDF2180_RBD,site_PDF2180_spike
1,Q,1,377,A,1,381
2,A,2,378,H,2,382
3,-,NA,NA,-,NA,NA
4,E,3,379,V,3,383
5,G,4,380,Y,4,384
6,V,5,381,P,5,385
7,E,6,382,D,6,386
8,C,7,383,C,7,387
9,D,8,384,N,8,388
10,F,9,385,F,9,389
11,S,10,386,T,10,390
12,P,11,387,D,11,391
13,L,12,388,L,12,392
14,L,13,389,F,13,393
15,S,14,390,R,14,394
16,G,15,391,E,15,395
17,T,16,392,N,16,396
18,P,17,393,A,17,397
19,P,18,394,P,18,398
20,Q,19,395,T,19,399
21,V,20,396,I,20,400
22,Y,21,397,M,21,401
23,N,22,398,Q,22,402
24,F,23,399,Y,23,403
25,K,24,400,K,24,404
26,R,25,401,R,25,405
27,L,26,402,Q,26,406
28,V,27,403,V,27,407
29,F,28,404,F,28,408
30,T,29,405,T,29,409
31,N,30,406,R,30,410
32,C,31,407,C,31,411
33,N,32,408,N,32,412
34,Y,33,409,Y,33,413
35,N,34,410,N,34,414
36,L,35,411,L,35,415
37,T,36,412,T,36,416
38,K,37,413,L,37,417
39,F,38,414,L,38,418
40,L,39,415,L,39,419
41,S,40,416,S,40,420
42,L,41,417,L,41,421
43,F,42,418,V,42,422
44,S,43,419,Q,43,423
45,V,44,420,V,44,424
46,N,45,421,D,45,425
47,D,46,422,E,46,426
48,F,47,423,F,47,427
49,T,48,424,V,48,428
50,C,49,425,C,49,429
51,S,50,426,D,50,430
52,Q,51,427,K,51,431
53,I,52,428,I,52,432
54,S,53,429,T,53,433
55,P,54,430,P,54,434
56,A,55,431,E,55,435
57,A,56,432,A,56,436
58,I,57,433,L,57,437
59,A,58,434,A,58,438
60,S,59,435,T,59,439
61,N,60,436,G,60,440
62,C,61,437,C,61,441
63,Y,62,438,Y,62,442
64,S,63,439,S,63,443
65,S,64,440,S,64,444
66,L,65,441,L,65,445
67,I,66,442,T,66,446
68,L,67,443,V,67,447
69,D,68,444,D,68,448
70,Y,69,445,W,69,449
71,F,70,446,F,70,450
72,S,71,447,A,71,451
73,Y,72,448,F,72,452
74,P,73,449,P,73,453
75,L,74,450,Y,74,454
76,S,75,451,A,75,455
77,M,76,452,W,76,456
78,K,77,453,K,77,457
79,S,78,454,S,78,458
80,D,79,455,Y,79,459
81,L,80,456,L,80,460
82,S,81,457,A,81,461
83,V,82,458,I,82,462
84,S,83,459,G,83,463
85,S,84,460,S,84,464
86,A,85,461,A,85,465
87,G,86,462,D,86,466
88,P,87,463,R,87,467
89,I,88,464,I,88,468
90,S,89,465,V,89,469
91,Q,90,466,R,90,470
92,F,91,467,F,91,471
93,N,92,468,N,92,472
94,Y,93,469,Y,93,473
95,K,94,470,N,94,474
96,Q,95,471,Q,95,475
97,S,96,472,D,96,476
98,F,97,473,Y,97,477
99,S,98,474,S,98,478
100,N,99,475,N,99,479
101,P,100,476,P,100,480
102,T,101,477,S,101,481
103,C,102,478,C,102,482
104,L,103,479,R,103,483
105,I,104,480,I,104,484
106,L,105,481,H,105,485
107,A,106,482,S,106,486
108,T,107,483,K,107,487
109,V,108,484,V,108,488
110,P,109,485,N,109,489
111,H,110,486,S,110,490
112,N,111,487,S,111,491
113,L,112,488,V,112,492
114,T,113,489,G,113,493
115,T,114,490,-,NA,NA
116,-,NA,NA,-,NA,NA
117,-,NA,NA,-,NA,NA
118,-,NA,NA,-,NA,NA
119,I,115,491,I,114,494
120,T,116,492,S,115,495
121,K,117,493,Y,116,496
122,P,118,494,S,117,497
123,L,119,495,G,118,498
124,K,120,496,L,119,499
125,Y,121,497,Y,120,500
126,S,122,498,S,121,501
127,Y,123,499,Y,122,502
128,I,124,500,I,123,503
129,N,125,501,T,124,504
130,K,126,502,N,125,505
131,C,127,503,C,126,506
132,S,128,504,N,127,507
133,R,129,505,Y,128,508
134,L,130,506,G,129,509
135,L,131,507,G,130,510
136,S,132,508,-,NA,NA
137,D,133,509,-,NA,NA
138,-,NA,NA,-,NA,NA
139,D,134,510,-,NA,NA
140,R,135,511,-,NA,NA
141,-,NA,NA,-,NA,NA
142,-,NA,NA,-,NA,NA
143,-,NA,NA,-,NA,NA
144,-,NA,NA,-,NA,NA
145,-,NA,NA,-,NA,NA
146,-,NA,NA,-,NA,NA
147,-,NA,NA,-,NA,NA
148,-,NA,NA,-,NA,NA
149,-,NA,NA,-,NA,NA
150,T,136,512,F,131,511
151,E,137,513,N,132,512
152,V,138,514,K,133,513
153,P,139,515,D,134,514
154,Q,140,516,D,135,515
155,L,141,517,V,136,516
156,V,142,518,V,137,517
157,N,143,519,K,138,518
158,A,144,520,P,139,519
159,N,145,521,G,140,520
160,Q,146,522,G,141,521
161,Y,147,523,R,142,522
162,S,148,524,A,143,523
163,-,NA,524a,S,144,524
164,-,NA,524b,Q,145,525
165,P,149,525,P,146,526
166,C,150,526,C,147,527
167,V,151,527,V,148,528
168,S,152,528,T,149,529
169,I,153,529,G,150,530
170,V,154,530,A,151,531
171,P,155,531,L,152,532
172,S,156,532,N,153,533
173,T,157,533,S,154,534
174,V,158,534,-,NA,NA
175,W,159,535,P,155,535
176,E,160,536,T,156,536
177,D,161,537,N,157,537
178,G,162,538,G,158,538
179,D,163,539,Q,159,539
180,Y,164,540,V,160,540
181,Y,165,541,W,161,541
182,R,166,542,S,162,542
183,-,NA,NA,-,NA,NA
184,-,NA,NA,-,NA,NA
185,-,NA,NA,-,NA,NA
186,-,NA,NA,-,NA,NA
187,K,167,543,F,163,543
188,Q,168,544,N,164,544
189,L,169,545,F,165,545
190,S,170,546,G,166,546
191,P,171,547,G,167,547
192,L,172,548,-,NA,NA
193,E,173,549,-,NA,NA
194,G,174,550,-,NA,NA
195,G,175,551,V,168,548
196,G,176,552,P,169,549
197,W,177,553,Y,170,550
198,L,178,554,R,171,551
199,V,179,555,T,172,552
200,A,180,556,S,173,553
201,S,181,557,R,174,554
202,G,182,558,L,175,555
203,S,183,559,T,176,556
204,-,NA,559a,Y,177,557
205,T,184,560,T,178,558
206,V,185,561,D,179,559
207,A,186,562,H,180,560
208,M,187,563,L,181,561
209,T,188,564,K,182,562
210,E,189,565,N,183,563
211,-,NA,NA,-,NA,NA
212,-,NA,NA,-,NA,NA
213,-,NA,NA,-,NA,NA
214,-,NA,NA,-,NA,NA
215,-,NA,NA,-,NA,NA
216,Q,190,566,P,184,564
217,L,191,567,L,185,565
218,Q,192,568,D,186,566
219,M,193,569,M,187,567
220,V,194,570,V,188,568
221,F,195,571,Y,189,569
222,G,196,572,V,190,570
223,I,197,573,I,191,571
224,T,198,574,T,192,572
225,V,199,575,V,193,573
226,Q,200,576,K,194,574
227,Y,201,577,Y,195,575
228,G,202,578,E,196,576
229,T,203,579,P,197,577
230,D,204,580,G,198,578
231,T,205,581,A,199,579
232,N,206,582,E,200,580
233,S,207,583,T,201,581
234,V,208,584,V,202,582
235,C,209,585,C,203,583
236,P,210,586,P,204,584
237,K,211,587,K,205,585
238,L,212,588,Q,206,586
239,E,213,589,V,207,587
240,F,214,590,R,208,588
241,A,215,591,P,209,589